rs; dli; mli; step; aInd; aCom; aAll
2;0.4;19;0;0;0;0
2;0.4;19;1;2;0;2
2;0.4;19;2;3;0;3
2;0.4;19;3;5;0;5
2;0.4;19;4;6;0;6
2;0.4;19;5;9;0;9
2;0.4;19;6;9;0;9
2;0.4;19;7;13;0;13
2;0.4;19;8;16;0;16
2;0.4;19;9;18;0;18
2;0.4;19;10;18;0;18
2;0.4;19;11;19;0;19
2;0.4;19;12;20;0;20
2;0.4;19;13;24;0;24
2;0.4;19;14;25;1;26
2;0.4;19;15;25;1;26
2;0.4;19;16;25;1;26
2;0.4;19;17;25;1;26
2;0.4;19;18;26;1;27
2;0.4;19;19;28;1;29
2;0.4;19;20;30;1;31
2;0.4;19;21;32;3;35
2;0.4;19;22;33;3;36
2;0.4;19;23;35;3;38
2;0.4;19;24;35;3;38
2;0.4;19;25;38;3;41
2;0.4;19;26;39;3;42
2;0.4;19;27;44;3;47
2;0.4;19;28;45;3;48
2;0.4;19;29;45;3;48
2;0.4;19;30;45;3;48
2;0.4;19;31;47;3;50
2;0.4;19;32;47;3;50
2;0.4;19;33;47;3;50
2;0.4;19;34;47;3;50
2;0.4;19;35;50;3;53
2;0.4;19;36;52;3;55
2;0.4;19;37;53;5;58
2;0.4;19;38;52;6;58
2;0.4;19;39;53;5;58
2;0.4;19;40;56;6;62
2;0.4;19;41;57;6;63
2;0.4;19;42;58;6;64
2;0.4;19;43;58;6;64
2;0.4;19;44;58;6;64
2;0.4;19;45;57;6;63
2;0.4;19;46;56;6;62
2;0.4;19;47;56;6;62
2;0.4;19;48;56;6;62
2;0.4;19;49;56;6;62
2;0.4;19;50;56;6;62
2;0.4;19;51;58;6;64
2;0.4;19;52;60;6;66
2;0.4;19;53;60;6;66
2;0.4;19;54;60;6;66
2;0.4;19;55;59;6;65
2;0.4;19;56;60;6;66
2;0.4;19;57;62;6;68
2;0.4;19;58;64;6;70
2;0.4;19;59;64;7;71
2;0.4;19;60;66;7;73
2;0.4;19;61;66;7;73
2;0.4;19;62;68;7;75
2;0.4;19;63;69;7;76
2;0.4;19;64;70;7;77
2;0.4;19;65;70;7;77
2;0.4;19;66;71;7;78
2;0.4;19;67;71;7;78
2;0.4;19;68;72;7;79
2;0.4;19;69;73;7;80
2;0.4;19;70;73;7;80
2;0.4;19;71;73;7;80
2;0.4;19;72;73;7;80
2;0.4;19;73;76;7;83
2;0.4;19;74;76;7;83
2;0.4;19;75;80;7;87
2;0.4;19;76;82;7;89
2;0.4;19;77;82;7;89
2;0.4;19;78;82;7;89
2;0.4;19;79;83;7;90
2;0.4;19;80;86;7;93
2;0.4;19;81;87;7;94
2;0.4;19;82;87;7;94
2;0.4;19;83;87;7;94
2;0.4;19;84;87;7;94
2;0.4;19;85;89;7;96
2;0.4;19;86;89;7;96
2;0.4;19;87;90;7;97
2;0.4;19;88;90;7;97
2;0.4;19;89;89;7;96
2;0.4;19;90;88;7;95
2;0.4;19;91;88;7;95
2;0.4;19;92;89;7;96
2;0.4;19;93;90;7;97
2;0.4;19;94;92;7;99
2;0.4;19;95;93;7;100
2;0.4;19;96;94;7;101
2;0.4;19;97;95;7;102
2;0.4;19;98;94;7;101
2;0.4;19;99;94;7;101
2;0.4;19;100;94;7;101
2;0.4;19;101;95;7;102
2;0.4;19;102;95;7;102
2;0.4;19;103;98;7;105
2;0.4;19;104;98;7;105
2;0.4;19;105;100;7;107
2;0.4;19;106;100;7;107
2;0.4;19;107;101;7;108
2;0.4;19;108;103;7;110
2;0.4;19;109;104;7;111
2;0.4;19;110;104;7;111
2;0.4;19;111;105;7;112
2;0.4;19;112;105;7;112
2;0.4;19;113;106;7;113
2;0.4;19;114;105;7;112
2;0.4;19;115;105;7;112
2;0.4;19;116;105;7;112
2;0.4;19;117;106;7;113
2;0.4;19;118;106;7;113
2;0.4;19;119;108;7;115
2;0.4;19;120;109;7;116
2;0.4;19;121;110;7;117
2;0.4;19;122;112;7;119
2;0.4;19;123;114;7;121
2;0.4;19;124;112;8;120
2;0.4;19;125;112;8;120
2;0.4;19;126;111;8;119
2;0.4;19;127;111;8;119
2;0.4;19;128;111;8;119
2;0.4;19;129;113;8;121
2;0.4;19;130;113;8;121
2;0.4;19;131;113;8;121
2;0.4;19;132;113;8;121
2;0.4;19;133;112;8;120
2;0.4;19;134;113;8;121
2;0.4;19;135;114;8;122
2;0.4;19;136;116;8;124
2;0.4;19;137;117;8;125
2;0.4;19;138;118;8;126
2;0.4;19;139;118;8;126
2;0.4;19;140;118;8;126
2;0.4;19;141;120;8;128
2;0.4;19;142;120;8;128
2;0.4;19;143;121;8;129
2;0.4;19;144;121;8;129
2;0.4;19;145;121;8;129
2;0.4;19;146;121;8;129
2;0.4;19;147;120;8;128
2;0.4;19;148;121;8;129
2;0.4;19;149;123;8;131
2;0.4;19;150;123;8;131
2;0.4;19;151;123;8;131
2;0.4;19;152;123;8;131
2;0.4;19;153;123;8;131
2;0.4;19;154;125;8;133
2;0.4;19;155;124;8;132
2;0.4;19;156;125;8;133
2;0.4;19;157;125;8;133
2;0.4;19;158;125;8;133
2;0.4;19;159;125;8;133
2;0.4;19;160;127;8;135
2;0.4;19;161;127;8;135
2;0.4;19;162;129;8;137
2;0.4;19;163;128;8;136
2;0.4;19;164;128;8;136
2;0.4;19;165;128;8;136
2;0.4;19;166;129;8;137
2;0.4;19;167;131;8;139
2;0.4;19;168;133;8;141
2;0.4;19;169;133;8;141
2;0.4;19;170;134;8;142
2;0.4;19;171;135;8;143
2;0.4;19;172;136;8;144
2;0.4;19;173;136;8;144
2;0.4;19;174;136;8;144
2;0.4;19;175;138;8;146
2;0.4;19;176;137;8;145
2;0.4;19;177;136;8;144
2;0.4;19;178;137;8;145
2;0.4;19;179;136;8;144
2;0.4;19;180;139;8;147
2;0.4;19;181;138;8;146
2;0.4;19;182;140;8;148
2;0.4;19;183;140;8;148
2;0.4;19;184;141;8;149
2;0.4;19;185;141;8;149
2;0.4;19;186;140;8;148
2;0.4;19;187;139;8;147
2;0.4;19;188;140;8;148
2;0.4;19;189;141;8;149
2;0.4;19;190;142;8;150
2;0.4;19;191;143;8;151
2;0.4;19;192;144;8;152
2;0.4;19;193;143;8;151
2;0.4;19;194;143;9;152
2;0.4;19;195;144;8;152
2;0.4;19;196;146;8;154
2;0.4;19;197;144;8;152
2;0.4;19;198;145;8;153
2;0.4;19;199;147;8;155
2;0.4;19;200;150;8;158
2;0.4;19;201;150;8;158
2;0.4;19;202;151;8;159
2;0.4;19;203;151;8;159
2;0.4;19;204;151;8;159
2;0.4;19;205;151;8;159
2;0.4;19;206;155;8;163
2;0.4;19;207;154;8;162
2;0.4;19;208;154;8;162
2;0.4;19;209;155;8;163
2;0.4;19;210;156;8;164
2;0.4;19;211;158;8;166
2;0.4;19;212;156;8;164
2;0.4;19;213;156;8;164
2;0.4;19;214;157;8;165
2;0.4;19;215;158;8;166
2;0.4;19;216;159;8;167
2;0.4;19;217;158;8;166
2;0.4;19;218;160;8;168
2;0.4;19;219;159;10;169
2;0.4;19;220;159;10;169
2;0.4;19;221;163;10;173
2;0.4;19;222;164;10;174
2;0.4;19;223;164;13;177
2;0.4;19;224;164;13;177
2;0.4;19;225;166;13;179
2;0.4;19;226;168;13;181
2;0.4;19;227;168;13;181
2;0.4;19;228;166;16;182
2;0.4;19;229;165;16;181
2;0.4;19;230;167;14;181
2;0.4;19;231;168;14;182
2;0.4;19;232;170;15;185
2;0.4;19;233;171;16;187
2;0.4;19;234;170;16;186
2;0.4;19;235;171;16;187
2;0.4;19;236;173;16;189
2;0.4;19;237;173;16;189
2;0.4;19;238;172;16;188
2;0.4;19;239;172;16;188
2;0.4;19;240;172;16;188
2;0.4;19;241;173;16;189
2;0.4;19;242;175;16;191
2;0.4;19;243;175;16;191
2;0.4;19;244;176;16;192
2;0.4;19;245;177;17;194
2;0.4;19;246;178;18;196
2;0.4;19;247;178;18;196
2;0.4;19;248;178;18;196
2;0.4;19;249;179;18;197
2;0.4;19;250;180;18;198
2;0.4;19;251;181;17;198
2;0.4;19;252;185;17;202
2;0.4;19;253;185;16;201
2;0.4;19;254;185;15;200
2;0.4;19;255;186;15;201
2;0.4;19;256;188;15;203
2;0.4;19;257;187;16;203
2;0.4;19;258;186;16;202
2;0.4;19;259;185;16;201
2;0.4;19;260;185;16;201
2;0.4;19;261;189;16;205
2;0.4;19;262;191;16;207
2;0.4;19;263;190;16;206
2;0.4;19;264;191;16;207
2;0.4;19;265;192;16;208
2;0.4;19;266;193;16;209
2;0.4;19;267;192;19;211
2;0.4;19;268;193;22;215
2;0.4;19;269;193;28;221
2;0.4;19;270;194;28;222
2;0.4;19;271;195;29;224
2;0.4;19;272;195;29;224
2;0.4;19;273;195;29;224
2;0.4;19;274;194;29;223
2;0.4;19;275;194;29;223
2;0.4;19;276;194;29;223
2;0.4;19;277;195;29;224
2;0.4;19;278;198;29;227
2;0.4;19;279;197;29;226
2;0.4;19;280;197;29;226
2;0.4;19;281;198;29;227
2;0.4;19;282;196;29;225
2;0.4;19;283;197;30;227
2;0.4;19;284;198;30;228
2;0.4;19;285;199;30;229
2;0.4;19;286;200;31;231
2;0.4;19;287;201;31;232
2;0.4;19;288;202;31;233
2;0.4;19;289;206;31;237
2;0.4;19;290;203;31;234
2;0.4;19;291;204;31;235
2;0.4;19;292;206;31;237
2;0.4;19;293;206;31;237
2;0.4;19;294;206;31;237
2;0.4;19;295;208;31;239
2;0.4;19;296;209;31;240
2;0.4;19;297;209;32;241
2;0.4;19;298;210;32;242
2;0.4;19;299;209;32;241
2;0.4;19;300;209;32;241
2;0.4;19;301;209;32;241
2;0.4;19;302;209;32;241
2;0.4;19;303;210;32;242
2;0.4;19;304;210;32;242
2;0.4;19;305;212;32;244
2;0.4;19;306;211;32;243
2;0.4;19;307;210;32;242
2;0.4;19;308;211;32;243
2;0.4;19;309;212;32;244
2;0.4;19;310;210;32;242
2;0.4;19;311;210;32;242
2;0.4;19;312;211;32;243
2;0.4;19;313;211;32;243
2;0.4;19;314;211;32;243
2;0.4;19;315;211;32;243
2;0.4;19;316;211;32;243
2;0.4;19;317;212;32;244
2;0.4;19;318;212;32;244
2;0.4;19;319;213;32;245
2;0.4;19;320;213;32;245
2;0.4;19;321;213;32;245
2;0.4;19;322;214;32;246
2;0.4;19;323;215;32;247
2;0.4;19;324;215;32;247
2;0.4;19;325;213;32;245
2;0.4;19;326;213;32;245
2;0.4;19;327;212;32;244
2;0.4;19;328;212;32;244
2;0.4;19;329;212;31;243
2;0.4;19;330;211;31;242
2;0.4;19;331;212;30;242
2;0.4;19;332;212;30;242
2;0.4;19;333;210;30;240
2;0.4;19;334;210;30;240
2;0.4;19;335;213;30;243
2;0.4;19;336;213;30;243
2;0.4;19;337;211;30;241
2;0.4;19;338;212;30;242
2;0.4;19;339;211;30;241
2;0.4;19;340;208;29;237
2;0.4;19;341;209;29;238
2;0.4;19;342;209;29;238
2;0.35;19;343;209;29;238
2;0.35;19;344;209;29;238
2;0.35;19;345;210;29;239
2;0.35;19;346;209;29;238
2;0.35;19;347;209;29;238
2;0.35;19;348;211;29;240
2;0.35;19;349;211;29;240
2;0.35;19;350;211;29;240
2;0.35;19;351;210;29;239
2;0.35;19;352;211;29;240
2;0.35;19;353;211;34;245
2;0.35;19;354;213;42;255
2;0.35;19;355;206;47;253
2;0.35;19;356;204;52;256
2;0.35;19;357;205;59;264
2;0.35;19;358;207;60;267
2;0.35;19;359;208;60;268
2;0.35;19;360;209;60;269
2;0.35;19;361;209;60;269
2;0.35;19;362;209;60;269
2;0.35;19;363;209;60;269
2;0.35;19;364;210;60;270
2;0.35;19;365;209;60;269
2;0.35;19;366;208;60;268
2;0.35;19;367;208;60;268
2;0.35;19;368;208;60;268
2;0.35;19;369;207;60;267
2;0.35;19;370;208;60;268
2;0.35;19;371;207;60;267
2;0.35;19;372;207;60;267
2;0.35;19;373;205;60;265
2;0.35;19;374;205;60;265
2;0.35;19;375;204;60;264
2;0.35;19;376;205;60;265
2;0.35;19;377;205;60;265
2;0.35;19;378;207;60;267
2;0.35;19;379;208;60;268
2;0.35;19;380;208;61;269
2;0.35;19;381;207;63;270
2;0.35;19;382;207;62;269
2;0.35;19;383;207;63;270
2;0.35;19;384;206;63;269
2;0.35;19;385;206;63;269
2;0.35;19;386;206;63;269
2;0.35;19;387;206;63;269
2;0.35;19;388;208;63;271
2;0.35;19;389;210;63;273
2;0.35;19;390;209;63;272
2;0.35;19;391;210;63;273
2;0.35;19;392;211;63;274
2;0.35;19;393;210;63;273
2;0.35;19;394;211;63;274
2;0.35;19;395;209;64;273
2;0.35;19;396;211;64;275
2;0.35;19;397;212;64;276
2;0.35;19;398;213;64;277
2;0.35;19;399;214;64;278
2;0.35;19;400;214;64;278
2;0.35;19;401;215;64;279
2;0.35;19;402;216;64;280
2;0.35;19;403;216;64;280
2;0.35;19;404;217;64;281
2;0.3;19;405;216;64;280
2;0.3;19;406;215;64;279
2;0.3;19;407;217;64;281
2;0.25;19;408;219;64;283
2;0.25;19;409;222;64;286
2;0.25;19;410;221;64;285
2;0.25;19;411;222;64;286
2;0.25;19;412;222;64;286
2;0.2;19;413;223;64;287
2;0.2;19;414;223;65;288
2;0.2;19;415;223;66;289
2;0.2;19;416;223;66;289
2;0.2;19;417;225;66;291
2;0.2;19;418;227;66;293
2;0.2;19;419;226;70;296
2;0.2;19;420;225;74;299
2;0.2;19;421;225;79;304
2;0.2;19;422;227;80;307
2;0.2;19;423;227;83;310
2;0.2;19;424;226;86;312
2;0.2;19;425;226;85;311
2;0.2;19;426;226;85;311
2;0.2;19;427;225;85;310
2;0.2;19;428;225;85;310
2;0.2;19;429;224;85;309
2;0.2;19;430;225;84;309
2;0.2;19;431;223;84;307
2;0.2;19;432;223;84;307
2;0.2;19;433;223;84;307
2;0.2;19;434;223;84;307
2;0.2;19;435;223;84;307
2;0.2;19;436;224;84;308
2;0.2;19;437;224;84;308
2;0.2;19;438;223;84;307
2;0.2;19;439;222;84;306
2;0.2;19;440;223;87;310
2;0.2;19;441;221;93;314
2;0.2;19;442;221;94;315
2;0.2;19;443;221;93;314
2;0.2;19;444;219;93;312
2;0.2;19;445;220;93;313
2;0.2;19;446;220;93;313
2;0.2;19;447;219;93;312
2;0.2;19;448;219;93;312
2;0.2;19;449;219;93;312
2;0.2;19;450;220;93;313
2;0.2;19;451;220;93;313
2;0.2;19;452;218;93;311
2;0.2;19;453;218;93;311
2;0.2;19;454;219;93;312
2;0.2;19;455;220;93;313
2;0.2;19;456;219;93;312
2;0.2;19;457;220;93;313
2;0.2;19;458;220;93;313
2;0.2;19;459;219;93;312
2;0.2;19;460;219;93;312
2;0.2;19;461;217;93;310
2;0.2;19;462;217;93;310
2;0.2;19;463;216;93;309
2;0.2;19;464;218;93;311
2;0.2;19;465;219;93;312
2;0.2;19;466;218;93;311
2;0.2;19;467;219;93;312
2;0.2;19;468;216;93;309
2;0.2;19;469;215;93;308
2;0.2;19;470;215;93;308
2;0.2;19;471;214;93;307
2;0.2;19;472;215;93;308
2;0.2;19;473;217;93;310
2;0.2;19;474;215;93;308
2;0.2;19;475;215;93;308
2;0.2;19;476;215;93;308
2;0.2;19;477;218;93;311
2;0.2;19;478;217;93;310
2;0.2;19;479;218;93;311
2;0.2;19;480;218;93;311
2;0.2;19;481;218;93;311
2;0.2;19;482;217;93;310
2;0.2;19;483;217;93;310
2;0.2;19;484;218;94;312
2;0.2;19;485;218;94;312
2;0.2;19;486;217;94;311
2;0.2;19;487;218;94;312
2;0.2;19;488;219;94;313
2;0.2;19;489;219;94;313
2;0.2;19;490;216;94;310
2;0.2;19;491;216;94;310
2;0.2;19;492;217;94;311
2;0.2;19;493;216;94;310
2;0.2;19;494;218;94;312
2;0.2;19;495;218;94;312
2;0.2;19;496;217;94;311
2;0.2;19;497;217;94;311
2;0.2;19;498;219;94;313
2;0.2;19;499;216;94;310
2;0.2;19;500;217;100;317
2;0.2;19;501;219;104;323
2;0.2;19;502;218;111;329
2;0.2;19;503;217;112;329
2;0.2;19;504;216;112;328
2;0.2;19;505;215;112;327
2;0.2;19;506;216;113;329
2;0.2;19;507;217;113;330
2;0.2;19;508;217;113;330
2;0.2;19;509;217;113;330
2;0.2;19;510;219;113;332
2;0.2;19;511;219;113;332
2;0.2;19;512;222;113;335
2;0.2;19;513;222;116;338
2;0.2;19;514;226;118;344
2;0.2;19;515;229;122;351
2;0.2;19;516;226;126;352
2;0.2;19;517;227;129;356
2;0.2;19;518;226;129;355
2;0.2;19;519;225;130;355
2;0.2;19;520;225;132;357
2;0.2;19;521;224;133;357
2;0.2;19;522;224;133;357
2;0.2;19;523;226;133;359
2;0.2;19;524;226;133;359
2;0.2;19;525;227;133;360
2;0.2;19;526;226;133;359
2;0.2;19;527;227;133;360
2;0.2;19;528;226;134;360
2;0.2;19;529;226;134;360
2;0.2;19;530;225;134;359
2;0.2;19;531;226;134;360
2;0.2;19;532;226;134;360
2;0.2;19;533;225;134;359
2;0.2;19;534;226;134;360
2;0.2;19;535;227;134;361
2;0.2;19;536;227;134;361
2;0.2;19;537;228;134;362
2;0.2;19;538;227;134;361
2;0.2;19;539;226;134;360
2;0.2;19;540;226;134;360
2;0.2;19;541;224;134;358
2;0.2;19;542;225;135;360
2;0.2;19;543;222;135;357
2;0.2;19;544;222;135;357
2;0.2;19;545;222;135;357
2;0.2;19;546;222;135;357
2;0.2;19;547;224;135;359
2;0.2;19;548;224;135;359
2;0.2;19;549;227;135;362
2;0.2;19;550;226;136;362
2;0.2;19;551;229;136;365
2;0.2;19;552;229;136;365
2;0.2;19;553;230;136;366
2;0.2;19;554;231;137;368
2;0.2;19;555;230;137;367
2;0.2;19;556;228;137;365
2;0.2;19;557;227;137;364
2;0.2;19;558;228;137;365
2;0.2;19;559;227;137;364
2;0.2;19;560;227;138;365
2;0.2;19;561;227;139;366
2;0.2;19;562;228;139;367
2;0.2;19;563;228;139;367
2;0.2;19;564;226;140;366
2;0.2;19;565;226;140;366
2;0.2;19;566;229;140;369
2;0.2;19;567;228;140;368
2;0.2;19;568;226;140;366
2;0.2;19;569;224;140;364
2;0.2;19;570;223;140;363
2;0.2;19;571;222;140;362
2;0.2;19;572;223;140;363
2;0.2;19;573;222;140;362
2;0.2;19;574;222;140;362
2;0.2;19;575;222;141;363
2;0.2;19;576;222;141;363
2;0.2;19;577;224;142;366
2;0.2;19;578;225;142;367
2;0.2;19;579;225;142;367
2;0.2;19;580;224;142;366
2;0.2;19;581;222;142;364
2;0.2;19;582;222;142;364
2;0.2;19;583;222;142;364
2;0.2;19;584;225;144;369
2;0.2;19;585;225;145;370
2;0.2;19;586;226;145;371
2;0.2;19;587;227;145;372
2;0.2;19;588;229;145;374
2;0.2;19;589;230;145;375
2;0.2;19;590;229;145;374
2;0.2;19;591;228;145;373
2;0.2;19;592;230;144;374
2;0.2;19;593;230;145;375
2;0.2;19;594;228;145;373
2;0.2;19;595;227;145;372
2;0.2;19;596;227;145;372
2;0.2;19;597;227;145;372
2;0.2;19;598;226;145;371
2;0.2;19;599;227;145;372
2;0.2;19;600;227;145;372
2;0.2;19;601;227;145;372
2;0.2;19;602;226;145;371
2;0.2;19;603;226;145;371
2;0.2;19;604;226;145;371
2;0.2;19;605;227;145;372
2;0.2;19;606;229;145;374
2;0.2;19;607;227;145;372
2;0.2;19;608;227;145;372
2;0.2;19;609;225;145;370
2;0.2;19;610;223;144;367
2;0.2;19;611;224;144;368
2;0.2;19;612;224;144;368
2;0.2;19;613;225;144;369
2;0.2;19;614;223;144;367
2;0.2;19;615;225;147;372
2;0.2;19;616;226;152;378
2;0.2;19;617;227;152;379
2;0.2;19;618;225;152;377
2;0.2;19;619;227;152;379
2;0.2;19;620;229;153;382
2;0.2;19;621;228;153;381
2;0.2;19;622;229;153;382
2;0.2;19;623;228;153;381
2;0.2;19;624;228;153;381
2;0.2;19;625;229;153;382
2;0.2;19;626;229;153;382
2;0.2;19;627;230;153;383
2;0.2;19;628;234;153;387
2;0.2;19;629;235;153;388
2;0.2;19;630;234;153;387
2;0.2;19;631;233;153;386
2;0.2;19;632;234;153;387
2;0.2;19;633;234;153;387
2;0.2;19;634;236;153;389
2;0.2;19;635;236;153;389
2;0.2;19;636;236;153;389
2;0.2;19;637;232;153;385
2;0.2;19;638;233;153;386
2;0.2;19;639;232;153;385
2;0.2;19;640;234;153;387
2;0.2;19;641;235;154;389
2;0.2;19;642;237;154;391
2;0.2;19;643;237;154;391
2;0.2;19;644;237;154;391
2;0.2;19;645;239;154;393
2;0.2;19;646;237;155;392
2;0.2;19;647;237;155;392
2;0.2;19;648;239;155;394
2;0.2;19;649;239;155;394
2;0.2;19;650;239;155;394
2;0.2;19;651;238;155;393
2;0.2;19;652;240;155;395
2;0.2;19;653;238;157;395
2;0.2;19;654;238;157;395
2;0.2;19;655;240;158;398
2;0.2;19;656;242;158;400
2;0.2;19;657;242;158;400
2;0.2;19;658;242;158;400
2;0.2;19;659;245;158;403
2;0.2;19;660;244;158;402
2;0.2;19;661;243;158;401
2;0.2;19;662;243;158;401
2;0.2;19;663;242;158;400
2;0.2;19;664;242;158;400
2;0.2;19;665;241;158;399
2;0.2;19;666;242;157;399
2;0.2;19;667;243;157;400
2;0.2;19;668;244;157;401
2;0.2;19;669;245;157;402
2;0.2;19;670;247;157;404
2;0.2;19;671;247;157;404
2;0.2;19;672;247;157;404
2;0.2;19;673;248;157;405
2;0.2;19;674;246;158;404
2;0.2;19;675;246;159;405
2;0.2;19;676;248;164;412
2;0.2;19;677;247;169;416
2;0.2;19;678;248;174;422
2;0.2;19;679;249;179;428
2;0.2;19;680;250;183;433
2;0.2;19;681;250;186;436
2;0.2;19;682;250;186;436
2;0.2;19;683;250;186;436
2;0.2;19;684;251;187;438
2;0.2;19;685;248;189;437
2;0.2;19;686;248;190;438
2;0.2;19;687;248;190;438
2;0.2;19;688;247;190;437
2;0.2;19;689;247;190;437
2;0.2;19;690;248;190;438
2;0.2;19;691;247;190;437
2;0.2;19;692;250;190;440
2;0.2;19;693;248;190;438
2;0.2;19;694;249;193;442
2;0.2;19;695;248;193;441
2;0.2;19;696;249;193;442
2;0.2;19;697;248;192;440
2;0.2;19;698;247;192;439
2;0.2;19;699;247;192;439
2;0.2;19;700;247;192;439
2;0.2;19;701;248;192;440
2;0.2;19;702;248;192;440
2;0.2;19;703;247;192;439
2;0.2;19;704;247;192;439
2;0.2;19;705;247;192;439
2;0.2;19;706;247;192;439
2;0.2;19;707;246;192;438
2;0.2;19;708;247;192;439
2;0.2;19;709;248;192;440
2;0.2;19;710;247;192;439
2;0.2;19;711;246;192;438
2;0.2;19;712;248;192;440
2;0.2;19;713;247;192;439
2;0.2;19;714;247;192;439
2;0.2;19;715;246;191;437
2;0.2;19;716;246;191;437
2;0.2;19;717;244;191;435
2;0.2;19;718;243;190;433
2;0.2;19;719;244;192;436
2;0.2;19;720;242;192;434
2;0.2;19;721;241;192;433
2;0.2;19;722;241;193;434
2;0.2;19;723;241;193;434
2;0.2;19;724;241;193;434
2;0.2;19;725;241;193;434
2;0.2;19;726;242;193;435
2;0.2;19;727;244;193;437
2;0.2;19;728;244;193;437
2;0.2;19;729;245;193;438
2;0.2;19;730;245;194;439
2;0.2;19;731;245;194;439
2;0.2;19;732;245;194;439
2;0.2;19;733;246;194;440
2;0.2;19;734;246;194;440
2;0.2;19;735;248;194;442
2;0.2;19;736;249;194;443
2;0.2;19;737;248;194;442
2;0.2;19;738;247;194;441
2;0.2;19;739;247;194;441
2;0.2;19;740;246;194;440
2;0.2;19;741;246;194;440
2;0.2;19;742;247;194;441
2;0.2;19;743;249;194;443
2;0.2;19;744;247;194;441
2;0.2;19;745;247;194;441
2;0.2;19;746;250;197;447
2;0.2;19;747;248;205;453
2;0.2;19;748;245;215;460
2;0.2;19;749;245;218;463
2;0.2;19;750;245;217;462
2;0.2;19;751;245;223;468
2;0.2;19;752;244;227;471
2;0.2;19;753;245;229;474
2;0.2;19;754;244;229;473
2;0.2;19;755;246;229;475
2;0.2;19;756;245;228;473
2;0.2;19;757;244;229;473
2;0.2;19;758;245;228;473
2;0.2;19;759;244;228;472
2;0.2;19;760;244;228;472
2;0.2;19;761;243;228;471
2;0.2;19;762;245;229;474
2;0.2;19;763;246;229;475
2;0.2;19;764;248;231;479
2;0.2;19;765;248;238;486
2;0.2;19;766;246;240;486
2;0.2;19;767;246;241;487
2;0.2;19;768;245;241;486
2;0.2;19;769;245;241;486
2;0.2;19;770;247;241;488
2;0.2;19;771;245;241;486
2;0.2;19;772;246;241;487
2;0.2;19;773;246;241;487
2;0.2;19;774;244;241;485
2;0.2;19;775;243;241;484
2;0.2;19;776;242;241;483
2;0.2;19;777;243;241;484
2;0.2;19;778;242;241;483
2;0.2;19;779;243;241;484
2;0.2;19;780;242;241;483
2;0.2;19;781;242;241;483
2;0.2;19;782;240;241;481
2;0.2;19;783;241;241;482
2;0.2;19;784;240;240;480
2;0.2;19;785;242;240;482
2;0.2;19;786;242;240;482
2;0.2;19;787;243;240;483
2;0.2;19;788;244;240;484
2;0.2;19;789;245;240;485
2;0.2;19;790;246;240;486
2;0.2;19;791;245;240;485
2;0.2;19;792;247;240;487
2;0.2;19;793;249;246;495
2;0.2;19;794;248;258;506
2;0.2;19;795;248;261;509
2;0.2;19;796;246;262;508
2;0.2;19;797;246;261;507
2;0.2;19;798;246;262;508
2;0.2;19;799;246;263;509
2;0.2;19;800;247;264;511
2;0.2;19;801;246;264;510
2;0.2;19;802;246;264;510
2;0.2;19;803;246;264;510
2;0.2;19;804;247;264;511
2;0.2;19;805;247;266;513
2;0.2;19;806;248;266;514
2;0.2;19;807;249;266;515
2;0.2;19;808;251;266;517
2;0.2;19;809;249;266;515
2;0.2;19;810;249;266;515
2;0.2;19;811;247;266;513
2;0.2;19;812;249;266;515
2;0.2;19;813;250;266;516
2;0.2;19;814;249;266;515
2;0.2;19;815;248;266;514
2;0.2;19;816;248;266;514
2;0.2;19;817;249;266;515
2;0.2;19;818;248;266;514
2;0.2;19;819;248;266;514
2;0.2;19;820;248;266;514
2;0.2;19;821;247;266;513
2;0.2;19;822;248;266;514
2;0.2;19;823;249;266;515
2;0.2;19;824;248;267;515
2;0.2;19;825;249;269;518
2;0.2;19;826;249;271;520
2;0.2;19;827;246;271;517
2;0.2;19;828;247;271;518
2;0.2;19;829;247;271;518
2;0.2;19;830;248;271;519
2;0.2;19;831;247;271;518
2;0.2;19;832;248;271;519
2;0.2;19;833;248;271;519
2;0.2;19;834;251;272;523
2;0.2;19;835;251;271;522
2;0.2;19;836;252;272;524
2;0.2;19;837;251;272;523
2;0.2;19;838;251;271;522
2;0.2;19;839;249;271;520
2;0.2;19;840;249;271;520
2;0.2;19;841;249;271;520
2;0.2;19;842;250;271;521
2;0.2;19;843;251;271;522
2;0.2;19;844;250;271;521
2;0.2;19;845;251;271;522
2;0.2;19;846;251;271;522
2;0.2;19;847;253;271;524
2;0.2;19;848;251;274;525
2;0.2;19;849;251;274;525
2;0.2;19;850;251;280;531
2;0.2;19;851;254;284;538
2;0.2;19;852;253;285;538
2;0.2;19;853;253;285;538
2;0.2;19;854;255;286;541
2;0.2;19;855;255;289;544
2;0.2;19;856;254;299;553
2;0.2;19;857;255;303;558
2;0.2;19;858;256;308;564
2;0.2;19;859;256;308;564
2;0.2;19;860;256;311;567
2;0.2;19;861;255;312;567
2;0.2;19;862;254;311;565
2;0.2;19;863;255;312;567
2;0.2;19;864;255;312;567
2;0.2;19;865;255;312;567
2;0.2;19;866;258;312;570
2;0.2;19;867;256;312;568
2;0.2;19;868;256;314;570
2;0.2;19;869;256;314;570
2;0.2;19;870;255;314;569
2;0.2;19;871;254;314;568
2;0.2;19;872;254;314;568
2;0.2;19;873;254;314;568
2;0.2;19;874;253;314;567
2;0.2;19;875;254;314;568
2;0.2;19;876;255;315;570
2;0.2;19;877;257;316;573
2;0.2;19;878;259;316;575
2;0.2;19;879;257;316;573
2;0.2;19;880;257;316;573
2;0.2;19;881;257;316;573
2;0.2;19;882;258;316;574
2;0.2;19;883;261;316;577
2;0.2;19;884;260;323;583
2;0.2;19;885;259;327;586
2;0.2;19;886;258;328;586
2;0.2;19;887;258;328;586
2;0.2;19;888;257;328;585
2;0.2;19;889;256;328;584
2;0.2;19;890;257;328;585
2;0.2;19;891;258;328;586
2;0.2;19;892;256;328;584
2;0.2;19;893;256;328;584
2;0.2;19;894;256;328;584
2;0.2;19;895;257;328;585
2;0.2;19;896;258;328;586
2;0.2;19;897;258;328;586
2;0.2;19;898;258;328;586
2;0.2;19;899;258;328;586
2;0.2;19;900;256;328;584
2;0.2;19;901;254;328;582
2;0.2;19;902;256;328;584
2;0.2;19;903;258;328;586
2;0.2;19;904;255;328;583
2;0.2;19;905;254;328;582
2;0.2;19;906;255;328;583
2;0.2;19;907;256;328;584
2;0.2;19;908;255;328;583
2;0.2;19;909;255;328;583
2;0.2;19;910;255;328;583
2;0.2;19;911;253;328;581
2;0.2;19;912;252;328;580
2;0.2;19;913;254;328;582
2;0.2;19;914;252;328;580
2;0.2;19;915;255;328;583
2;0.2;19;916;258;329;587
2;0.2;19;917;259;329;588
2;0.2;19;918;258;329;587
2;0.2;19;919;258;329;587
2;0.2;19;920;259;329;588
2;0.2;19;921;257;329;586
2;0.2;19;922;257;329;586
2;0.2;19;923;256;329;585
2;0.2;19;924;256;329;585
2;0.2;19;925;257;329;586
2;0.2;19;926;257;329;586
2;0.2;19;927;259;329;588
2;0.2;19;928;259;329;588
2;0.2;19;929;259;332;591
2;0.2;19;930;259;331;590
2;0.2;19;931;259;332;591
2;0.2;19;932;262;332;594
2;0.2;19;933;258;332;590
2;0.2;19;934;258;332;590
2;0.2;19;935;258;332;590
2;0.2;19;936;257;332;589
2;0.2;19;937;257;332;589
2;0.2;19;938;254;332;586
2;0.2;19;939;253;332;585
2;0.2;19;940;255;332;587
2;0.2;19;941;254;332;586
2;0.2;19;942;251;332;583
2;0.2;19;943;254;332;586
2;0.2;19;944;253;332;585
2;0.2;19;945;253;332;585
2;0.2;19;946;255;332;587
2;0.2;19;947;253;332;585
2;0.2;19;948;252;332;584
2;0.2;19;949;253;332;585
2;0.2;19;950;249;332;581
2;0.2;19;951;250;332;582
2;0.2;19;952;251;332;583
2;0.2;19;953;252;332;584
2;0.2;19;954;252;332;584
2;0.2;19;955;253;332;585
2;0.2;19;956;251;332;583
2;0.2;19;957;250;332;582
2;0.2;19;958;251;331;582
2;0.2;19;959;252;331;583
2;0.2;19;960;250;331;581
2;0.2;19;961;249;333;582
2;0.2;19;962;248;337;585
2;0.2;19;963;250;340;590
2;0.2;19;964;249;341;590
2;0.2;19;965;249;341;590
2;0.2;19;966;250;341;591
2;0.2;19;967;248;341;589
2;0.2;19;968;249;341;590
2;0.2;19;969;246;341;587
2;0.2;19;970;250;341;591
2;0.2;19;971;248;341;589
2;0.2;19;972;246;341;587
2;0.2;19;973;248;341;589
2;0.2;19;974;248;341;589
2;0.2;19;975;247;341;588
2;0.2;19;976;246;341;587
2;0.2;19;977;250;341;591
2;0.2;19;978;248;341;589
2;0.2;19;979;247;341;588
2;0.2;19;980;245;341;586
2;0.2;19;981;244;341;585
2;0.2;19;982;245;341;586
2;0.2;19;983;244;341;585
2;0.2;19;984;244;341;585
2;0.2;19;985;244;341;585
2;0.2;19;986;245;341;586
2;0.2;19;987;245;341;586
2;0.2;19;988;245;341;586
2;0.2;19;989;244;341;585
2;0.2;19;990;244;340;584
2;0.2;19;991;243;340;583
2;0.2;19;992;247;340;587
2;0.2;19;993;247;340;587
2;0.2;19;994;246;341;587
2;0.2;19;995;245;342;587
2;0.2;19;996;246;342;588
2;0.2;19;997;245;342;587
2;0.2;19;998;245;342;587
2;0.2;19;999;246;342;588
2;0.2;19;1000;249;342;591
2;0.2;19;1001;248;347;595
2;0.2;19;1002;248;347;595
2;0.2;19;1003;249;347;596
2;0.2;19;1004;250;349;599
2;0.2;19;1005;249;349;598
2;0.2;19;1006;250;349;599
2;0.2;19;1007;250;349;599
2;0.2;19;1008;250;349;599
2;0.2;19;1009;249;349;598
2;0.2;19;1010;248;349;597
2;0.2;19;1011;248;349;597
2;0.2;19;1012;245;351;596
2;0.2;19;1013;243;349;592
2;0.2;19;1014;244;349;593
2;0.2;19;1015;243;349;592
2;0.2;19;1016;243;349;592
2;0.2;19;1017;244;350;594
2;0.2;19;1018;248;349;597
2;0.2;19;1019;248;349;597
2;0.2;19;1020;248;350;598
2;0.2;19;1021;247;351;598
2;0.2;19;1022;251;351;602
2;0.2;19;1023;249;351;600
2;0.2;19;1024;250;351;601
2;0.2;19;1025;251;351;602
2;0.2;19;1026;252;351;603
2;0.2;19;1027;254;351;605
2;0.2;19;1028;253;351;604
2;0.2;19;1029;254;351;605
2;0.2;19;1030;252;351;603
2;0.2;19;1031;250;351;601
2;0.2;19;1032;250;350;600
2;0.2;19;1033;249;352;601
2;0.2;19;1034;246;352;598
2;0.2;19;1035;247;352;599
2;0.2;19;1036;245;352;597
2;0.2;19;1037;245;352;597
2;0.2;19;1038;247;352;599
2;0.2;19;1039;247;352;599
2;0.2;19;1040;250;352;602
2;0.2;19;1041;250;353;603
2;0.2;19;1042;251;358;609
2;0.2;19;1043;251;356;607
2;0.2;19;1044;249;359;608
2;0.2;19;1045;247;357;604
2;0.2;19;1046;250;359;609
2;0.2;19;1047;248;360;608
2;0.2;19;1048;249;362;611
2;0.2;19;1049;247;366;613
2;0.2;19;1050;245;369;614
2;0.2;19;1051;245;371;616
2;0.2;19;1052;245;372;617
2;0.2;19;1053;246;372;618
2;0.2;19;1054;246;372;618
2;0.2;19;1055;247;372;619
2;0.2;19;1056;247;372;619
2;0.2;19;1057;246;372;618
2;0.2;19;1058;247;372;619
2;0.2;19;1059;247;372;619
2;0.2;19;1060;248;372;620
2;0.2;19;1061;248;372;620
2;0.2;19;1062;247;372;619
2;0.2;19;1063;248;372;620
2;0.2;19;1064;248;372;620
2;0.2;19;1065;248;372;620
2;0.2;19;1066;249;372;621
2;0.2;19;1067;249;372;621
2;0.2;19;1068;250;372;622
2;0.2;19;1069;249;372;621
2;0.2;19;1070;249;372;621
2;0.2;19;1071;251;372;623
2;0.2;19;1072;251;372;623
2;0.2;19;1073;250;372;622
2;0.2;19;1074;249;372;621
2;0.2;19;1075;250;372;622
2;0.2;19;1076;252;372;624
2;0.2;19;1077;253;372;625
2;0.2;19;1078;251;372;623
2;0.2;19;1079;250;373;623
2;0.2;19;1080;251;374;625
2;0.2;19;1081;252;375;627
2;0.2;19;1082;249;379;628
2;0.2;19;1083;248;380;628
2;0.2;19;1084;249;379;628
2;0.2;19;1085;250;380;630
2;0.2;19;1086;250;380;630
2;0.2;19;1087;250;380;630
2;0.2;19;1088;249;380;629
2;0.2;19;1089;248;380;628
2;0.2;19;1090;248;380;628
2;0.2;19;1091;250;380;630
2;0.2;19;1092;248;380;628
2;0.2;19;1093;250;380;630
2;0.2;19;1094;249;380;629
2;0.2;19;1095;248;380;628
2;0.2;19;1096;249;380;629
2;0.2;19;1097;249;380;629
2;0.2;19;1098;248;380;628
2;0.2;19;1099;249;380;629
2;0.2;19;1100;249;380;629
2;0.2;19;1101;250;380;630
2;0.2;19;1102;249;380;629
2;0.2;19;1103;254;380;634
2;0.2;19;1104;252;380;632
2;0.2;19;1105;251;380;631
2;0.2;19;1106;254;380;634
2;0.2;19;1107;252;380;632
2;0.2;19;1108;253;380;633
2;0.2;19;1109;252;380;632
2;0.2;19;1110;252;380;632
2;0.2;19;1111;252;380;632
2;0.2;19;1112;252;377;629
2;0.2;19;1113;250;377;627
2;0.2;19;1114;252;378;630
2;0.2;19;1115;254;379;633
2;0.2;19;1116;253;379;632
2;0.2;19;1117;253;379;632
2;0.2;19;1118;253;379;632
2;0.2;19;1119;253;379;632
2;0.2;19;1120;254;378;632
2;0.2;19;1121;254;378;632
2;0.2;19;1122;256;378;634
2;0.2;19;1123;255;378;633
2;0.2;19;1124;256;378;634
2;0.2;19;1125;258;379;637
2;0.2;19;1126;257;379;636
2;0.2;19;1127;256;379;635
2;0.2;19;1128;256;379;635
2;0.2;19;1129;256;379;635
2;0.2;19;1130;256;379;635
2;0.2;19;1131;256;379;635
2;0.2;19;1132;257;379;636
2;0.2;19;1133;257;380;637
2;0.2;19;1134;258;380;638
2;0.2;19;1135;256;380;636
2;0.2;19;1136;257;380;637
2;0.2;19;1137;255;380;635
2;0.2;19;1138;255;380;635
2;0.2;19;1139;255;380;635
2;0.2;19;1140;254;380;634
2;0.2;19;1141;254;380;634
2;0.2;19;1142;254;380;634
2;0.2;19;1143;251;380;631
2;0.2;19;1144;252;380;632
2;0.2;19;1145;254;380;634
2;0.2;19;1146;252;380;632
2;0.2;19;1147;252;380;632
2;0.2;19;1148;254;380;634
2;0.2;19;1149;255;379;634
2;0.2;19;1150;254;380;634
2;0.2;19;1151;255;380;635
2;0.2;19;1152;254;380;634
2;0.2;19;1153;254;380;634
2;0.2;19;1154;253;380;633
2;0.2;19;1155;254;380;634
2;0.2;19;1156;254;380;634
2;0.2;19;1157;253;380;633
2;0.2;19;1158;254;379;633
2;0.2;19;1159;258;379;637
2;0.2;19;1160;256;379;635
2;0.2;19;1161;255;379;634
2;0.2;19;1162;254;379;633
2;0.2;19;1163;255;378;633
2;0.2;19;1164;255;378;633
2;0.2;19;1165;256;378;634
2;0.2;19;1166;257;378;635
2;0.2;19;1167;256;378;634
2;0.2;19;1168;256;378;634
2;0.2;19;1169;255;378;633
2;0.2;19;1170;254;378;632
2;0.2;19;1171;255;378;633
2;0.2;19;1172;256;378;634
2;0.2;19;1173;254;380;634
2;0.2;19;1174;257;380;637
2;0.2;19;1175;257;380;637
2;0.2;19;1176;255;381;636
2;0.2;19;1177;256;381;637
2;0.2;19;1178;253;381;634
2;0.2;19;1179;253;381;634
2;0.2;19;1180;254;381;635
2;0.2;19;1181;253;381;634
2;0.2;19;1182;253;381;634
2;0.2;19;1183;252;381;633
2;0.2;19;1184;255;381;636
2;0.2;19;1185;253;381;634
2;0.2;19;1186;252;381;633
2;0.2;19;1187;254;381;635
2;0.2;19;1188;253;381;634
2;0.2;19;1189;251;381;632
2;0.2;19;1190;253;381;634
2;0.2;19;1191;253;382;635
2;0.2;19;1192;250;385;635
2;0.2;19;1193;250;388;638
2;0.2;19;1194;248;388;636
2;0.2;19;1195;245;388;633
2;0.2;19;1196;245;388;633
2;0.2;19;1197;243;388;631
2;0.2;19;1198;243;388;631
2;0.2;19;1199;244;388;632
2;0.2;19;1200;244;388;632
2;0.2;19;1201;244;388;632
2;0.2;19;1202;242;388;630
2;0.2;19;1203;242;388;630
2;0.2;19;1204;241;388;629
2;0.2;19;1205;242;388;630
2;0.2;19;1206;242;388;630
2;0.2;19;1207;241;388;629
2;0.2;19;1208;241;388;629
2;0.2;19;1209;242;388;630
2;0.2;19;1210;240;388;628
2;0.2;19;1211;245;388;633
2;0.2;19;1212;242;388;630
2;0.2;19;1213;242;388;630
2;0.2;19;1214;242;388;630
2;0.2;19;1215;242;388;630
2;0.2;19;1216;242;388;630
2;0.2;19;1217;241;388;629
2;0.2;19;1218;243;389;632
2;0.2;19;1219;242;389;631
2;0.2;19;1220;242;389;631
2;0.2;19;1221;243;389;632
2;0.2;19;1222;243;389;632
2;0.2;19;1223;242;389;631
2;0.2;19;1224;241;389;630
2;0.2;19;1225;242;389;631
2;0.2;19;1226;242;389;631
2;0.2;19;1227;244;389;633
2;0.2;19;1228;243;387;630
2;0.2;19;1229;241;387;628
2;0.2;19;1230;240;387;627
2;0.2;19;1231;240;387;627
2;0.2;19;1232;239;387;626
2;0.2;19;1233;241;387;628
2;0.2;19;1234;242;387;629
2;0.2;19;1235;240;387;627
2;0.2;19;1236;239;387;626
2;0.2;19;1237;239;387;626
2;0.2;19;1238;240;387;627
2;0.2;19;1239;240;387;627
2;0.2;19;1240;240;387;627
2;0.2;19;1241;241;387;628
2;0.2;19;1242;240;387;627
2;0.2;19;1243;241;387;628
2;0.2;19;1244;241;387;628
2;0.2;19;1245;239;386;625
2;0.2;19;1246;243;386;629
2;0.2;19;1247;243;387;630
2;0.2;19;1248;244;387;631
2;0.2;19;1249;244;387;631
2;0.2;19;1250;244;387;631
2;0.2;19;1251;246;387;633
2;0.2;19;1252;244;387;631
2;0.2;19;1253;243;387;630
2;0.2;19;1254;242;387;629
2;0.2;19;1255;242;387;629
2;0.2;19;1256;242;387;629
2;0.2;19;1257;243;387;630
2;0.2;19;1258;242;387;629
2;0.2;19;1259;241;387;628
2;0.2;19;1260;241;387;628
2;0.2;19;1261;242;387;629
2;0.2;19;1262;241;387;628
2;0.2;19;1263;239;386;625
2;0.2;19;1264;240;386;626
2;0.2;19;1265;243;386;629
2;0.2;19;1266;244;386;630
2;0.2;19;1267;245;386;631
2;0.2;19;1268;244;386;630
2;0.2;19;1269;244;386;630
2;0.2;19;1270;245;386;631
2;0.2;19;1271;243;386;629
2;0.2;19;1272;242;386;628
2;0.2;19;1273;242;386;628
2;0.2;19;1274;242;386;628
2;0.2;19;1275;242;386;628
2;0.2;19;1276;242;386;628
2;0.2;19;1277;243;386;629
2;0.2;19;1278;246;386;632
2;0.2;19;1279;244;386;630
2;0.2;19;1280;247;386;633
2;0.2;19;1281;245;385;630
2;0.2;19;1282;247;387;634
2;0.2;19;1283;247;388;635
2;0.2;19;1284;248;388;636
2;0.2;19;1285;247;391;638
2;0.2;19;1286;249;391;640
2;0.2;19;1287;247;390;637
2;0.2;19;1288;248;390;638
2;0.2;19;1289;245;391;636
2;0.2;19;1290;244;391;635
2;0.2;19;1291;244;390;634
2;0.2;19;1292;244;390;634
2;0.2;19;1293;245;390;635
2;0.2;19;1294;243;390;633
2;0.2;19;1295;244;392;636
2;0.2;19;1296;243;392;635
2;0.2;19;1297;243;394;637
2;0.2;19;1298;244;396;640
2;0.2;19;1299;242;396;638
2;0.2;19;1300;243;396;639
2;0.2;19;1301;243;396;639
2;0.2;19;1302;244;396;640
2;0.2;19;1303;244;396;640
2;0.2;19;1304;244;396;640
2;0.2;19;1305;244;396;640
2;0.2;19;1306;245;396;641
2;0.2;19;1307;244;396;640
2;0.2;19;1308;244;396;640
2;0.2;19;1309;244;396;640
2;0.2;19;1310;244;396;640
2;0.2;19;1311;244;396;640
2;0.2;19;1312;242;395;637
2;0.2;19;1313;243;394;637
2;0.2;19;1314;242;394;636
2;0.2;19;1315;243;394;637
2;0.2;19;1316;243;394;637
2;0.2;19;1317;242;396;638
2;0.2;19;1318;239;396;635
2;0.2;19;1319;243;395;638
2;0.2;19;1320;243;395;638
2;0.2;19;1321;244;396;640
2;0.2;19;1322;245;396;641
2;0.2;19;1323;244;399;643
2;0.2;19;1324;243;400;643
2;0.2;19;1325;244;400;644
2;0.2;19;1326;243;401;644
2;0.2;19;1327;244;401;645
2;0.2;19;1328;244;401;645
2;0.2;19;1329;242;401;643
2;0.2;19;1330;241;401;642
2;0.2;19;1331;240;401;641
2;0.2;19;1332;239;401;640
2;0.2;19;1333;238;401;639
2;0.2;19;1334;238;401;639
2;0.2;19;1335;239;401;640
2;0.2;19;1336;238;401;639
2;0.2;19;1337;239;401;640
2;0.2;19;1338;237;401;638
2;0.2;19;1339;237;401;638
2;0.2;19;1340;233;401;634
2;0.2;19;1341;234;401;635
2;0.2;19;1342;235;401;636
2;0.2;19;1343;235;401;636
2;0.2;19;1344;235;401;636
2;0.2;19;1345;233;401;634
2;0.2;19;1346;235;401;636
2;0.2;19;1347;235;401;636
2;0.2;19;1348;236;401;637
2;0.2;19;1349;234;401;635
2;0.2;19;1350;234;401;635
2;0.2;19;1351;234;401;635
2;0.2;19;1352;232;401;633
2;0.2;19;1353;233;400;633
2;0.2;19;1354;234;401;635
2;0.2;19;1355;236;401;637
2;0.2;19;1356;235;403;638
2;0.2;19;1357;235;404;639
2;0.2;19;1358;237;405;642
2;0.2;19;1359;238;405;643
2;0.2;19;1360;239;407;646
2;0.2;19;1361;235;407;642
2;0.2;19;1362;234;407;641
2;0.2;19;1363;234;407;641
2;0.2;19;1364;233;407;640
2;0.2;19;1365;236;407;643
2;0.2;19;1366;235;407;642
2;0.2;19;1367;235;407;642
2;0.2;19;1368;233;407;640
2;0.2;19;1369;233;407;640
2;0.2;19;1370;233;406;639
2;0.2;19;1371;234;406;640
2;0.2;19;1372;235;406;641
2;0.2;19;1373;234;406;640
2;0.2;19;1374;232;406;638
2;0.2;19;1375;233;406;639
2;0.2;19;1376;234;406;640
2;0.2;19;1377;233;406;639
2;0.2;19;1378;233;406;639
2;0.2;19;1379;232;406;638
2;0.2;19;1380;231;405;636
2;0.2;19;1381;231;405;636
2;0.2;19;1382;232;405;637
2;0.2;19;1383;232;405;637
2;0.2;19;1384;233;405;638
2;0.2;19;1385;232;403;635
2;0.2;19;1386;231;403;634
2;0.2;19;1387;231;403;634
2;0.2;19;1388;232;403;635
2;0.2;19;1389;232;404;636
2;0.2;19;1390;232;404;636
2;0.2;19;1391;232;404;636
2;0.2;19;1392;234;404;638
2;0.2;19;1393;233;404;637
2;0.2;19;1394;233;404;637
2;0.2;19;1395;235;404;639
2;0.2;19;1396;235;402;637
2;0.2;19;1397;234;403;637
2;0.2;19;1398;234;403;637
2;0.2;19;1399;233;403;636
2;0.2;19;1400;232;403;635
2;0.2;19;1401;232;403;635
2;0.2;19;1402;231;403;634
2;0.2;19;1403;231;402;633
2;0.2;19;1404;231;402;633
2;0.2;19;1405;229;402;631
2;0.2;19;1406;228;402;630
2;0.2;19;1407;229;401;630
2;0.2;19;1408;229;401;630
2;0.2;19;1409;230;401;631
2;0.2;19;1410;234;401;635
2;0.2;19;1411;231;402;633
2;0.2;19;1412;231;403;634
2;0.2;19;1413;231;403;634
2;0.2;19;1414;230;403;633
2;0.2;19;1415;230;403;633
2;0.2;19;1416;230;403;633
2;0.2;19;1417;230;403;633
2;0.2;19;1418;228;403;631
2;0.2;19;1419;227;403;630
2;0.2;19;1420;227;403;630
2;0.2;19;1421;227;403;630
2;0.2;19;1422;230;403;633
2;0.2;19;1423;229;402;631
2;0.2;19;1424;229;402;631
2;0.2;19;1425;229;402;631
2;0.2;19;1426;229;402;631
2;0.2;19;1427;229;402;631
2;0.2;19;1428;230;402;632
2;0.2;19;1429;233;402;635
2;0.2;19;1430;232;402;634
2;0.2;19;1431;231;402;633
2;0.2;19;1432;230;402;632
2;0.2;19;1433;230;402;632
2;0.2;19;1434;231;402;633
2;0.2;19;1435;231;402;633
2;0.2;19;1436;231;402;633
2;0.2;19;1437;230;403;633
2;0.2;19;1438;231;402;633
2;0.2;19;1439;234;403;637
2;0.2;19;1440;232;408;640
2;0.2;19;1441;234;408;642
2;0.2;19;1442;234;408;642
2;0.2;19;1443;233;408;641
2;0.2;19;1444;229;409;638
2;0.2;19;1445;229;408;637
2;0.2;19;1446;231;408;639
2;0.2;19;1447;230;408;638
2;0.2;19;1448;229;408;637
2;0.2;19;1449;229;408;637
2;0.2;19;1450;227;408;635
2;0.2;19;1451;227;408;635
2;0.2;19;1452;227;408;635
2;0.2;19;1453;227;408;635
2;0.2;19;1454;226;408;634
2;0.2;19;1455;225;408;633
2;0.2;19;1456;227;408;635
2;0.2;19;1457;229;408;637
2;0.2;19;1458;228;408;636
2;0.2;19;1459;227;408;635
2;0.2;19;1460;229;408;637
